name,description,type,value
10.181.109.30,,Host,10.181.109.30
10.181.109.31,,Host,10.181.109.31
10.181.109.32,,Host,10.181.109.32
10.181.104.31,,Host,10.181.104.31
10.181.104.33,,Host,10.181.104.33
10.181.201.253,Juniper L2L VPN,Host,10.181.201.253
10.181.110.56,,Host,10.181.110.56
10.181.110.57,,Host,10.181.110.57
10.181.112.112,,Host,10.181.112.112
10.181.112.113,,Host,10.181.112.113
10.181.112.114,,Host,10.181.112.114
10.181.112.115,,Host,10.181.112.115
10.181.112.116,,Host,10.181.112.116
10.181.112.117,,Host,10.181.112.117
10.181.110.201,,Host,10.181.110.201
10.181.109.171,,Host,10.181.109.171
10.181.112.155,,Host,10.181.112.155
10.181.112.156,,Host,10.181.112.156
10.181.112.215,,Host,10.181.112.215
10.181.112.51,,Host,10.181.112.51
10.181.107.11,,Host,10.181.107.11
10.181.110.43,,Host,10.181.110.43
10.181.109.21,,Host,10.181.109.21
10.181.109.22,,Host,10.181.109.22
10.181.109.23,,Host,10.181.109.23
10.181.109.24,,Host,10.181.109.24
10.181.109.25,,Host,10.181.109.25
10.181.113.150,,Host,10.181.113.150
10.18.254.70,SSLVPN,Host,10.18.254.70
10.10.16.231,Syslog_server,Host,10.10.16.231
10.10.16.232,,Host,10.10.16.232
10.181.109.49,,Host,10.181.109.49
10.181.109.50,,Host,10.181.109.50
210.92.180.130,,Host,210.92.180.130
210.92.180.189,,Host,210.92.180.189
210.92.180.21,,Host,210.92.180.21
210.92.180.3,,Host,210.92.180.3
210.92.180.5,,Host,210.92.180.5
58.87.61.254,,Host,58.87.61.254
10.10.157.118,,Host,10.10.157.118
10.10.157.119,,Host,10.10.157.119
10.10.157.126,,Host,10.10.157.126
10.10.157.133,,Host,10.10.157.133
10.181.201.249,,Host,10.181.201.249
10.181.201.250,,Host,10.181.201.250
106.251.241.210,,Host,106.251.241.210
112.173.156.111,,Host,112.173.156.111
112.216.188.234,,Host,112.216.188.234
115.91.230.19,,Host,115.91.230.19
121.185.144.2,,Host,121.185.144.2
61.39.83.254,,Host,61.39.83.254
210.105.122.201,,Host,210.105.122.201
106.249.235.122,,Host,106.249.235.122
112.173.156.136,,Host,112.173.156.136
115.91.230.18,,Host,115.91.230.18
210.92.172.66,,Host,210.92.172.66
175.204.164.219,,Host,175.204.164.219
218.150.168.67,,Host,218.150.168.67
211.46.185.106,,Host,211.46.185.106
112.173.156.250,,Host,112.173.156.250
211.55.216.170,,Host,211.55.216.170
220.89.176.211,,Host,220.89.176.211
61.33.110.246,,Host,61.33.110.246
118.129.138.158,,Host,118.129.138.158
10.10.195.38,,Host,10.10.195.38
10.10.195.39,,Host,10.10.195.39
210.99.81.133,,Host,210.99.81.133
210.99.81.134,,Host,210.99.81.134
10.181.103.188,,Host,10.181.103.188
10.181.103.31,,Host,10.181.103.31
10.181.103.32,,Host,10.181.103.32
10.181.103.34,,Host,10.181.103.34
10.181.103.35,,Host,10.181.103.35
10.181.103.36,,Host,10.181.103.36
10.181.103.65,,Host,10.181.103.65
10.181.106.80,,Host,10.181.106.80
10.181.103.239,,Host,10.181.103.239
10.181.103.25,,Host,10.181.103.25
10.181.103.26,,Host,10.181.103.26
10.181.103.71,,Host,10.181.103.71
10.181.103.72,,Host,10.181.103.72
10.181.114.211,,Host,10.181.114.211
10.181.114.212,,Host,10.181.114.212
10.181.114.213,,Host,10.181.114.213
10.181.103.186,,Host,10.181.103.186
10.181.103.187,,Host,10.181.103.187
10.214.4.34,,Host,10.214.4.34
10.214.9.126,,Host,10.214.9.126
10.214.4.211,,Host,10.214.4.211
10.214.1.21,,Host,10.214.1.21
10.181.201.49,,Host,10.181.201.49
10.181.201.50,,Host,10.181.201.50
10.181.100.140,,Host,10.181.100.140
10.181.99.83,,Host,10.181.99.83
10.181.81.13,,Host,10.181.81.13
10.21.206.98,,Host,10.21.206.98
10.181.110.151,,Host,10.181.110.151
10.181.112.17,,Host,10.181.112.17
10.181.112.18,,Host,10.181.112.18
10.181.100.174,,Host,10.181.100.174
10.181.100.176,,Host,10.181.100.176
10.181.100.175,,Host,10.181.100.175
10.20.55.39,,Host,10.20.55.39
10.20.55.58,,Host,10.20.55.58
10.20.55.61,,Host,10.20.55.61
10.20.55.63,,Host,10.20.55.63
10.20.55.76,,Host,10.20.55.76
10.20.55.82,,Host,10.20.55.82
10.10.109.30,,Host,10.10.109.30
10.10.174.131,,Host,10.10.174.131
10.10.174.132,,Host,10.10.174.132
10.10.34.167,,Host,10.10.34.167
10.10.214.21,,Host,10.10.214.21
10.10.214.22,,Host,10.10.214.22
10.14.18.55,,Host,10.14.18.55
10.14.18.56,,Host,10.14.18.56
10.181.110.194,,Host,10.181.110.194
10.181.112.102,,Host,10.181.112.102
10.181.102.105,,Host,10.181.102.105
10.181.112.110,,Host,10.181.112.110
10.181.108.110,,Host,10.181.108.110
10.181.108.15,,Host,10.181.108.15
10.181.108.16,,Host,10.181.108.16
10.181.108.21,,Host,10.181.108.21
10.181.108.22,,Host,10.181.108.22
10.181.108.23,,Host,10.181.108.23
10.181.108.25,,Host,10.181.108.25
10.181.108.27,,Host,10.181.108.27
10.7.28.169,,Host,10.7.28.169
10.7.28.17,,Host,10.7.28.17
10.7.28.229,,Host,10.7.28.229
10.7.28.43,,Host,10.7.28.43
